author,comment,likes
@realcrin,"OK FINE I'LL MAKE A HYPIXEL VIDEO FOR SKYWARS AND ONE FOR SKYBLOCK JUST SUBSCRIBE THEY'LL BE UP IN THE NEXT MONTH ZZZZZ
Also here's the anime vid: https://youtu.be/dVNjtkEmpso",2259
@TheTVTeis,"4:53 Looks incredibly tasty, my guy",0
@hunterro69,omu meu a furat tot si a plecat,0
@mtunixic,what did linux do to bro,0
@irongolem8731,"wouldn't it be significantly easier and faster for the battery making to just be a bunch of dispensers throwing items at you in a chamber, while you craft the batteries? You could have hoppers/hopper minecarts picking up anything that would expire in this time as well. Love the video btw",0
@Corevate,ROMANIA MENTIONAT,0
@Icee_Cold4851,Great video,0
@Skoopy-h3n,Peak unemployment in a nutshell,1
@flame4802,"tiny task...
just use tiny task...",0
@YoutubeNicolae,the romanian part got me +1 sub,0
@TheManlyOne,"4:25 , I don't wanna tell you man but you coudl've just reloaded the instance ( Alt + t ) and it would've kept mining even if you switched tabs .",0
@boi30015,sa mor eu de nu primu roman care l-am vazut ca vorbeste engleza bine ba,0
@bananableach2,himedanshi programmer?!,0
@jcsiah,i swear there are 4 types of programmers,0
@Phoenixword,16:20 I think I saw a fish escaping the island,0
@CGRofficalcode,that guy that went outta business just because of realcrim and his berry farm must be really unhappy,0
@malusicyt,as a server owner against macros and hacks this is impressive lmao,0
@idk-u2c-m1q,Greatest Programmer Thats Ever Livedüëçüëç,0
@nathanoy_,nice video. i really enjoyed it. instant sub,0
@ZTE,6:11 can't you make sound sfx cather algorithm in here for pulling rod? There is way to show sfx names right bottom of the screen.,0
@Octo37,1:34 I have a white sayo device 03c for gd. I actually have one lol.,1
@chudnuke,loving the random shots fired at linux keep it up bro,0
@zaphkielarsen,aint no way bro put gradeaundera in the video xD,0
@gregsar1321,"who the fuck uses kali to run minecraft lol

i was raigebaited so easily...",0
@rjanik2588,"Dis man has a great accent, it fits the anime vibe gud, me likes it. It's fun",0
@TogzaZakat,4:53 imma need dat recipe,0
@ImmortalPlayer42069,"Of all your scripting In (game) vids, which one took the longest to write scripts for?",0
@Catsnaker,1:35 do you play *geometry dash* by any chance?,0
@DraftoCart,üòÇhow is he not getting ban?,0
@edisson-u1w4f,i am romanian foarte tare,0
@VladislavKhurs,What PC do u have?,0
@cosmo-the_coolest31,Yeah I did the same,0
@silent8137,i dont even understand what this guy is saying most of the time,0
@Kestrel990,I can‚Äôt believe you are using an uncivilized language like python,0
@Quantamuim,9:40 agree,1
@Coisascompiladas,Where is he from tho?,0
@concept5631,"Done
8:04
5:30
4:08",0
@yaakouboubouzid9448,HOW TO MAKE JOB (MINECRAFT),1
@distributor-e9q,I am actually Romanian,0
@tezixx5655,youre my favourite romanian,0
@SeFreaCweth,"I did something like this with ComputerCraft. years ago. I confined myself to a 1 chunk area, with 1 turtles and some starting fuel.  I could only interact with the outside with them. I had them building their own town. I remember they made a durpy storage building and I had to make an inspection turtle to try and find who had the floppy disk with the bad warehouse program. Next time I try, I can just use web sockets and ender chests I think.",0
@metroflowe,I DID NOTT KNOW YOU WERE ROMANIAN HELPPPP,0
@Grerem-y2g,https://youtube.com/clip/Ugkx3YbpyTVbZjeFNHj_FNdxIV_RfNr0LGAL?si=r-nITFjEpCobQJJ3,1
@cosette14234,"Nice vidio, btw what anime is ure pfp from?",0
@Quantumreal66099,Viktor?,0
@–°–µ—Ä—ë–∂–∞-—è5—å,bro just played an USSR hymn at 12:05üò≠,0
@Damglador,3:47 YOU CAN'T JUST DO THAT AND BE SO HAPPY üò≠,0
@ProjectZeroGamingOffical,im the 74k like.,0
@bluehairfetish,schizo,0
@Simon11Aviation,"first vid of urs ive watched, i have subbed. (i suck at writing comments so yuh)",0
@thegamingknight288,Ai? A literal stickmen drawing would have been better dog.,0
@LoganK-b3l,THE TITLE LIES! No programmer would ever admit that Linux sucks whether we believe it or not (most of us do probably)!,0
@Fitnessdickinmymouth,"""The balkans: 0,89% of people, 90% of cheaters""",1
@radicaledward3783,"""I'm Romanian, soooo... Ya'know.""
*Shows anime girls*
Me: i do NOT know, however i am Intrigued. üëÄ",0
@wolfz9009,whoever thought this red screen was a great ideas needs to get ca... HAD ME ROLLING XD,0
@keepwatching-ane,18:38 you couldnt just get the width and height of a cell? its literally a table,0
@punisherplayz5311,20:25 You could also make it do a Right Click and then Shift Double Left Click,0
@faris_maoh,16:20 *kirby falling sound effect*,0
@somnvm37,"normal programmer: checks the coordinates of the top left slot, top wight, finds the difference, devides the difference be 8 (bc 8 slots in a row), nth slot equals to top_left_offset + ((index+1)*gap), and then do a simmilar thing for horisontal
crin: *juts records the screen coordinates of every single slot in 3 seconds, 300 braincells and 3 minutes of thinking saved, along with 15 minutes of implemintation.

bravo.",0
@vyral_l0l,YOU'RE ROMANIAN? I love you,0
@viceroydanil,minecraft on kali is diabolical,0
@bomboclat724,"Clicked for scripting, stayed for anime biddies",0
@Asasinul3608,Finally a Romanian ce faci frate 2:04,0
@Deprivivle,son im crineüò≠üò≠üò≠üò≠üò≠üò≠üò≠üò≠üò≠üò≠üò≠üò≠üò≠üò≠üò≠üò≠üò≠üò≠üò≠üò≠üò≠üò≠üò≠üò≠üò≠üò≠üò≠üò≠üò≠üò≠,0
@PurpleHunterCZ,Linux is ez (eazier then windows in some espects),0
@razvangosman7524,üá∑üá¥üá∑üá¥üá∑üá¥üá∑üá¥üá∑üá¥üá∑üá¥üá∑üá¥üá∑üá¥üá∑üá¥üá∑üá¥üá∑üá¥üá∑üá¥üá∑üá¥üá∑üá¥üá∑üá¥üá∑üá¥üá∑üá¥üá∑üá¥üá∑üá¥üá∑üá¥üá∑üá¥üá∑üá¥üá∑üá¥üá∑üá¥üá∑üá¥üá∑üá¥üá∑üá¥üá∑üá¥üá∑üá¥üá∑üá¥üá∑üá¥üá∑üá¥üá∑üá¥üá∑üá¥üá∑üá¥üá∑üá¥üá∑üá¥üá∑üá¥üá∑üá¥ Romania mentionned üá∑üá¥üá∑üá¥üá∑üá¥üá∑üá¥üá∑üá¥üá∑üá¥üá∑üá¥üá∑üá¥üá∑üá¥üá∑üá¥üá∑üá¥üá∑üá¥üá∑üá¥üá∑üá¥üá∑üá¥üá∑üá¥üá∑üá¥üá∑üá¥üá∑üá¥üá∑üá¥üá∑üá¥üá∑üá¥üá∑üá¥üá∑üá¥üá∑üá¥üá∑üá¥üá∑üá¥üá∑üá¥üá∑üá¥üá∑üá¥üá∑üá¥üá∑üá¥üá∑üá¥üá∑üá¥üá∑üá¥üá∑üá¥üá∑üá¥üá∑üá¥üá∑üá¥üá∑üá¥üá∑üá¥üá∑üá¥,0
@soulsxcx,ROMANIA MENTIONED RAAAAAAAAAAAAAAAAAAAAAAAAAAAAAAAHHHHHHHHHHHHH !!!!!!!!!!!!!!!!!!!!!!,0
@wawaawwawaa,4:57 milbona mozzarella mentioned ‚ùóÔ∏è,0
@Sytic1,i didn't understand how you get the mod that allow you to execute python inside the game.,0
@JulienAKALaLocomotive,‚ù§‚ù§,0
@Panda-cg8yb,Which shaders were u using at the start of the video?,1
@Fr_Dae,"on pism launcher you can install mod client ""dark leading screen"" literally first i have installed before texture pack or options",1
@iSmasnugBackup,"fellow  romanian i see,  was it addicted2 or  gamester?",0
@doomeddog5589,are you from romania by any chance,0
@lkppchk,12:06 USSR gimn with Russian flag... Nah,0
@lordz19,bros a cyber expert and hates linux lmfao,0
@Simon_LP,Your Video is very inspiaring (dont know how to type),0
@baummmharz8983,Its unbelievable that i haven't found this kind of content after years of YouTube. I nearly missed this,0
@zarzoso11,U are funny,0
@DariDontworryaboutit,As a romanian i can confirm that this is legit,0
@sorakagodess,9:40 you just got a new subscriber.,0
@tosa1052,">Minecraft on linux vm
>The distro is Kali
Truly romanian",0
@Nflforlife14,you sound like doofenshmirtz ngl,0
@dacianatrif490,"oh...i figured out why yt recommended this, FELLOW ROMANIAN I SEE",0
@sikzu8019,"18:23 dude, when I started coding myself, and it begun with botting aswell, i wish I had thought about saving coords that way. Mate, I used a virutal ruler, to determine what pos x,y were and just did that shit manually. alleast i used a virutal ruler, shit, it wouldev been a nightmare if i used normal with some bs conversion calculations. The measuring took half the time of coding the whole bot xD",0
@VozleYorV,Just use Baritone bro,0
@m_chira_x,"The second I heard your romanian I insta subbed bro Im romanian too , good luck stealing wallets",0
@LegendGame0,He had me hooked by the 2nd Romanian bit,0
@Alexander-h5s1d,"I use GNU/Linux everyday, and have for months, but I can say that Windows and macOS aren‚Äôt bad operating systems; in fact, they‚Äôre really good, but the only reason I don‚Äôt use either is because of privacy and well‚Ä¶ my computer is an old fella, and trying to run Windows 11 on 4 GiB of DDR3 is impossible. It runs way too slow, so, I use GNU/Linux. Windows is great for software, but because of Wine on GNU/Linux I can run all .exe files on my computer. As for macOS? Yeah, no, I‚Äôm not using macOS applications. I will say that it‚Äôs worth it to try out daily driving Debian or Fedora (GNU/Linux distribution) for a month. You‚Äôll either love it, or hate it, but either way you‚Äôll enjoy it to some degree. Have fun, bro, and enjoy your programming deviousness!

Edit: My reasoning for picking Debian and Fedora is because they‚Äôre both really good. Some will say to use Ubuntu, but Ubuntu is just a branch of Debian. Debian runs a TON of stuff. As for Fedora, it‚Äôs just so you get taste of something else. However, whatever you do, do NOT pick Arch as your first distribution, you‚Äôll give up quickly unless you use archinstall.",0
@tester-hero3110,I love the fact that you are romanian,0
@micheletoma3275,Esti primil roman care a reusit sa ma pacaleasca congrats,0
@coolaman5,"'terminally depressed sounding romanian programmer teaching us how to completely fuck up a minecraft servers economy in less then a week'

now this is the type of content i wanna watch while eating food
subbed",0
@fecnihun4467,the best thing about the beggining is how there was lava inside the cauldron,0
@TheLophius,"So you are basically playing  ""The Farmer Was Replaced"" in Minecraft",0
@odd_birdie,5 months after vid,0
@eitanamir6123,Dr Doofenshmirtz?,0
@Thatguyfry665,love the mc videos keep it up,0
@gattodelfuocogiallo,"you're romanian, but you used the moldavian flag",0
@Felix-s1u2u,you could of used baritone to save a ton of time,0
@ValiBeatBox,RAAAAAHHHHHHHHHHHHH ROMANIA MENTIONED üîµüü°üî¥,0
@soupmint,thank god there was no copper on the island,0
@phillapple8260,9:40 You can disable it in accessibility settings,0
@0R3DZ_ss,He kinda forgot mouse tweakers for fast click on inventory,0
@Kirica22,bazat,0
@calibri7747,Numai Rom√¢nul poate sƒÉ anine a»ôa tare de Rom√¢nia (ori Moldovean),1
@sleepiestgal,i... I.... I FUCK WITH THIS!!!!!!!!!!!! i subbed like a quarter into the vid LMAO,0
@mrakovey_,12:04 –î–æ–≤–æ–ª—å–Ω–æ –≤–Ω–µ–∑–∞–ø–Ω–æ,0
@Gidof,teach me please üôè,0
@jeca_113,Salut din Moldova!,0
@Claxy2,in py bro is java you cant . . .,0
@Vanilla_SMP-1,Linux is the best OS ever,4
@mesimesimesimesimesi,as a romanian sugi pula cuz of the linux jokes,0
@justifiedhomicide5730,"Thank you, Terry Davis, for the wise words

Indeed, this may be the hardest question in programming.",1
@The_Deep_Blue,this guy MIGHT be romanian,1
@repomansez,"lil bro used a kali linux vm to run minecraft and got mad when it didnt work properly

now that's what I call a romanian",0
@ianisbarzu,Esti roman?,0
@mvshroom6875,"Clicked the video because of not only the programming, but mainly because of Akko Kagari on the cover :)",0
@whyonlyepic,the peak im trying to reach,0
@CoolLiquid67,HOW DARE YOU SAY THAT ABOUT MY KING TUX,0
@newendoria1232,shout out terry,0
@horde6486,you're like 3 different stereotypes welded together,1
@Mattelis,"Linux is better than Windows, yes",0
@isimsizinsan5244,Do you Do tutorials about that?,0
@dgbsbalv,">citrusfan
based",0
@gamekiller5638,Just wait till this guy find out about mouse tweaks mod,0
@game_clips1357,Can i get the code for the chest?,1
@jusjase_3229,"I love the coding guy cant redstone, its like saying the gunpla guy cant lego. I love it haha",0
@realTijabe,Romanian guy crashes economy with tools for automation,0
@Tahgrizly,"As a Romanian myself, I am very surprised you don't know about the best song you could slap next to moments like these (0:54)  https://www.youtube.com/watch?v=UFvwlH9xJkI",0
@keylympi,can i have this script,0
@pepdronreal,"0:53 really got me laughing, nice vid!",0
@whatwouldnetwork9441,Can‚Äôt use Linux lol,0
@syncringe1885,You should do this again. But go for longer. Start buying robots to increase gain. Not only becoming the number 1 on the server but making sure no one has anything they need.,0
@Onehundredandninetytwo,I think they‚Äôre romanian,0
@korumann,"For holding down a mouse button, consider using the built in windows feature mouse keys. (If you're on windows)",0
@BRUNOCAMPANHA-bu9cl,"Wont you get banned by heuristics? This crouch and right click pattern while farming is pretty obvius, and heuristics could easily flag it as scripting.",0
@xNTGxp,It is cool seeing another romainian youtuber. I wish I knew how to script it seems super cool!!!,0
@smb930,Get bro some water üíîüíî,0
@tabbycatowo277,don't forget he's romanian,0
@H4ppyMaskOfficial,what is the server ip?,0
@H4ppyMaskOfficial,wouldn't it be possible to simply capture and repeat movement? as long as it starts at exactly the same position including facing it would work right?,0
@iamvraw,wow more views thans sucribers,0
@ANGELHUNTERS,You're my first experience with a Romanian... I'm in.,0
@masterofdoots5965,15:45 GRADEAUNDERA!?!?,0
@Michael.Nietzsche.Macucows,"""I hope it doesn't flop"" proceeds to be his best video yet garnering just over a million views",0
@kphoenix137,"Yeah basically first person games constantly move the actual OS cursor position back to the center of the screen and move your view based on where the mouse went from the center of the screen before being moved back to the center of the screen. In the VM, it was likely not forcefully moving the cursor position back to the center of the VM screen, so the view camera ends up constantly moving.",0
@Blackxei,"1:40
fiinally a use for my wooting keypad",0
@the_wind001,"us romanians have a way with bending the rules of anything. for all you foreigners out there, we call this a ""romaneasca"". btw @crin instant sub",0
@DoofEvil,"this should be its own server! regular online skyblock, but you have these little robot guys. you can right click into a programming window and program the robot's player-like movements. the market would be SO interesting, especially if the server updates frequently. kinda niche though. could support multiple languages.",0
@mangutu,bro e roman si a dat flop,0
@Steel1250PL,"i like that Romanian, subscribed.",0
@Anyaki4253,So basically you get paid for twerking?,1
@ZincVirtual,I never thought a programmer could hate Linux lol,0
@ZypherKobold,1:30 nah I got the patented Google paperweight aka a Google home mini with the battery ripped out of it because they are always listening :eyes:,0
@kathras,romanian made me subscribe. lots of love,0
@BlueNEXUSGaming,"I expected authentic Sky Block, not a Sky Block Server; I wanted to see you script for authentic Sky Block.",1
@VampireSnacks,"When I was playing Minecraft I would have hated you, but now I'm very impressed.",0
@ProducerFS,peak,0
@arseniemihnea8494,Sa vede ca e de a nostru o furat tot ü§£ü§£,0
@Linuxoid_4,"bro, I'm probably very stuffy, but the minecraft servers you're visiting are running on a linux system)",0
@skylertan1691,My guy just make a whole entire macro on his own,0
@Zeldrake,"completely lost it at ""mechanical engineers might call this static loading"" (1:40) and I'm not even two minutes in",0
@Dialga9187,"see I just place a weight on my laptop touchpad to keep it mining cobblestone, so I don't worry about VMs or scripting.",0
@I_wac,I understand your hatred for linux,0
@moaspese,How did you make it so that when you make a code in Visual Code you can run it in Minecraft?,1
@NektariyCMU-rh7zv,hmmmm for what reasons might you have kali linux installed?...,0
@LuisHolz5,Couldn‚Äòt you use Dropers cause (i think) it should be faster and you could Skip a Bit of the Code so you just have to Wait for it to start up,0
@Lobotomized_Toddler,How did you join severs with the minescript mod? Did you find server with a the mod already installed?,0
@Joo_Jo,PEAK GAMEPLAY,0
@Maccc10331,subs becasue u Romanian,0
@vvolfrannite,subbed as soon as i heard linux hate (based) (correct),1
@STARMAP_07,4:23 this vexes me.,0
@the_mister_magister,"I was enjoying the video but then you started for no reason at all shitting on linux for your inability to perceive greatness so, just, fuck off",0
@HoopleBogart,I subscribed the moment he started cooking the food. holy shit <3,0
@Pepstep_07,im bulgarian and I would've done the exact same üò≠üò≠ neighbors fr,0
@Tsuki-ro,i use arch btw,0
@davii9512,for some reason your voice reminds me of zani from wuwa,0
@GeorgMaUlWurf,"6:03
BOBBER",0
@luisklembt5850,BRO JUST USE A VENV its not that hard,0
@GlitchGod42,sick,0
@Bozymon,"I'm inspired by the Romanian, so I'm gonna do everything i can üëç",0
@kupkupcat,DO FACTIONS NEXT!!,0
@DoggyFNaF,"I know this guy for 10 minutes and I already love him
Sa trƒÉie»ôtiü´°",0
@poprostuszczepanski7683,"4:54 mini pizzas! It's my discovery from a year or two ago, and we with my wife love it! And I've never seen anyone else eating this.... Btw! Just found you and it's my second video but already subscribed. Great content when I feel a little burnout, to get new motivation üòÖ

Sending love from Poland!",0
@antynomity,"How did you even get into scripting initially? Not asking for advice or guidance, just curious",0
@IonVoievod,kali linux... hmmm,0
@CatalineAuguste,best motivation to keep learning python,0
@BlessedRebels,Oh god the forbidden technique for programmers who plays minecraft...,1
@Greyfawkes1,"""I forgot how it calls on english"" is how you know its trustworthy",1
@klaczeq,haha 14:14 i really think you are polish... mam racje?,0
@random_finn,finding a video of a romanian programmer with an anime girl pfp automating a skyblock server was not something I expected today. fun video and definitely subscribing to see more of your content,0
@SageBlueMusic,You should use handbrake software to reduce that 6tb of footage üíÄüíÄüíÄüíÄüíÄ,0
@alex_maco34,"this is my first impression of you and, first minute in ""Then I remembered that i'm Romanian, so I jut took every last block before I left"". Instant like.",0
@5Pigs_1Team,Wait until he learn how much he can get by bot farming on wow hardcore servers,0
@valshaped,"Ah, absolute cursor positioning, the bane of drawing tablet users everywhere. There's probably a setting to enable mouse capture somewhere in VirtualBox.",0
@3a9le,"I have a love-hate relationship with Linux 

I love having Linux around for when I need it, but I hate using Linux when I need it!",0
@luca4k484,wow I wish I was also romanian,0
@Doggoe12,"Wonderful video, im glad you spent a while on this one and it didnt flop hehe, looking forward to more!",0
@leovillant,"He lies, he just is romanian. They can just do that",1
@itzillyum,"lol gave you 2 alts is funny, W player.
I have too many alts‚Ä¶ 8 plus my main but they‚Äôre all genuine, full cost accounts i‚Äôve purchased over 6 years üòÖ (I don‚Äôt have a name hoarding problem you have a name hoarding problem)

Loved the video!!",0
@KirbzYyY,"As a Linux User myself, I literally just installed mint roughly 2 years ago and everything just works, except my CPU doesn't ""idle"" at 15% usage and games run at +15-20 fps (ignore the fact that I broke my system like 12 times trying to be fancy with shit instead of just doing it the easy way).",0
@yusurko,can I just script money,0
@moselyodonnell2946,You are an Osu player!,0
@KazuhiraG,"engineers/mechanics: put heavy thing on LMB.
Coder/Programmer: make auto-clicker.
true Minecraft OGs: LMB+F11.",0
@FunnyNewsmen,12:01 THATS HOW NATIONS FUCKING UNITE!,0
@legelf,"finally, funny programming content in minecraft",0
@shydenpierce7249,"I am on my HANDS AND KNEES begging you to learn how to use linux, I PROMISE it's easier once you get the hang of it",0
@LightingSniper21,"Don‚Äôt forget the hopper minecarts - easy collection, fast drop into chests",1
@yomanwatsupp5145,multitasking god,0
@callmezaxi,"you're funny, deserved sub. Keep going lil romanian guy <3",0
@caffeinatedgymbro,Romannia mentioned RAHHH WHAT THE FUCK IS A NON-CORUPT GOVERNMENT?!!!!!!!!!!!!!,0
@peytdog06,i love awcthing these vids in the background i love listening to you yap,0
@fc25glazer,i  think bro might be from romanina,0
@ReweMeister,Yo the amount of anime is insane bro... maybe turn it down a notch or sum,0
@dosusama,I was not expecting to see @GreadeAUnderA in this video.,0
@gooniest,MC community is so infatuated with cheating,0
@Kutter127,Can you make a video explaining the code and stuff becuase I wanna learn how to do this and stuff but I have no clue how to run the code or anything,0
@Nygur._,ROMANIA MENTIONED (nu gasesc steagul)üî•üî•üî•üî•üî•üî•üî•üî•üî•üî•üî•üî•üî•üî•üî•üî•üî•üî•üî•üî•üî•üî•üî•üî•üî•,0
@littleslaughters8037,"as a linux user, i use the break-system-packages all the time lmaoo",0
@Taquarita,16:17 the fish: I BELIVE I CAN FLY,0
@lonelyPorterCH,"Looks like the whole skyblock thing is built around automation anyways, so you did the intended thing^^",0
@bizarre_wolf,"Is this swift scrip or a different programming language. I‚Äôm asking because I understand all of this, I used to be in a programming class that used swift on MacBook pros. And I‚Äôd love to get back into swift",1
@KalphalusKal,"3:02 Windows nor Linux are definitively better. One may work better for what you do, one you might just prefer, but there‚Äôs no definitive better
Also, Terminal isn‚Äôt the only way to install stuff, most distros have an App Store and basically all can just download from a website and run (Not to mention that Windows lets you install apps in CMD now)",2
@Joshbomb99,@dupertrooper @thehorizon,1
@DavidDDILuk√°≈°ek,Best video on YouTube. Thank you,0
@ynez_515,–∑–¥—Ä–∞–≤—Å—Ç–≤—É–π—Ç–µ –¥–æ–±—Ä—ã–µ –ª—é–¥–∏ –¥–æ–±—Ä—ã–µ –ª—é–¥–∏ —è –≥—Ä—ã–∑ –∫–∞–∫–∞—à–∫–∏ –¥–æ–±—Ä—ã–µ –ª—é–¥–∏,0
@heroblaze4438,15:44 At least your honest about using AI but still pick up a pencil and try to draw it doesn't need to be the best just hand made almost like your scripts. :),0
@dankmemequeen9581,"lmao, i find it funny how u complain about linux. but fr, it is better when you know what you are doing. no one said its easy. good things in life dont come easy :)",0
@Sophie-j4m2u,My python env looks the same tbh. Not good but im lazy.,0
@atlasdev,"Funny. 5 years ago I made a Minecraft bot, and also tested on LemonCloud since it didn't have any crazy anticheat back then",0
@stardustdestruktor,Keep that content up,0
@FiveFourGuys,That food look good asf ü§§,0
@catazard,"15:44 so like, who's the guy with the big chin again? whats his youtube channel called, the character looks super familiar and i've def watched one of his vids",0
@oAnblu,"i am also romanian, so i'm stealing this video fr",0
@christopher3471,4:59 ALREADY LOOKIN FIRE!!!,0
@NatanSalazar,"> login
> break the server economics
> leave
> don't elaborate further",74
@rastr4749,"Sorry bro that Kali Linux turned out to be too hard for you, but you always have the option to eat shit on Windows and, instead of actually figuring things out, just blame the operating system‚Äôs kernel(((((",1
@Yoshibyl,"9:40 Fun fact: since 1.17, you can change the red loading screen to be black so that it's easier on the eyes.  Go to Options > Accessibility > enable Monochrome Logo.
Edit: I see someone else also brought this up.  My bad.",2
@gamerzero8299,What's the hotkey to disable that Minecraft tabs out,1
@SubwayToSchiff,"This was a great watch. Laughed so hard at 1:30, really feel this xP",0
@theduchyofmilanball3157,What was that song you used for the romanian bits.,0
@the-can-of-soup,"THANK YOU SO MUCH FOR SHOWING ME THIS MOD!!!!

This is like the holy grail of mods for me!!
I've been coding Python for >5 years and don't want to learn Java just for Minecraft client-side modding
Just wish there was also a server-side version of this (for server plugins written in Python)",2
@NaviedMiah,9:17 sell the what,1
@NaviedMiah,5:14 bro doesnt need the money does he?,0
@NaviedMiah,An average Romanian plays minecraft skyblock,0
@C11pp7,Is it normal that I hear this for sleep?,0
@Tavrixel,can you pls do a video on how mine script wokr ! pls i've been trying for hours and i cant make it work pls i beg you,0
@lime6423,"Btw turn on monochrome logo if you hate the red screen, I think it looks better",0
@MrKytman,"Sorry to be like this, but local variables are more performative in Python üòÖ",0
@banana_pancake7171,I think you might be Romanian.,0
@SodaWithoutSparkles,"BTW you can probably be way quicker if you just break the chests, let the items fall out, and replace the chest",0
@rainbow_sword-m7l,19:06 ummm no watch speedrunners loot burried treasures super fast af,0
@jmira03,I love that some of these problems could of been solved by other mods but weren't lol,0
@Wardy_Taken24096,"0:18 ... is that ""Hope you're happy, Lemon""? probably wrong but still üôè",0
@Alex-g8y2o,is crin short for cringe,0
@chyder546,"brooooo... why the hell kali? are you hacker? if yes, ok, but if not, at least ubuntu or monjaro or arch if you think you're clever",0
@RenderingUseless-lm5pr,Crin White,0
@KimmyCooper,this voice sound like something,0
@LOCLEDUY-x7p,10:56 asmr,0
@Stefan_IC,fellow Romanian?,1
@fransmanlaparis4830,"As a programmer, these kinds of videos are indeed, VERY enjoyable to watch! :D",0
@BagofTwixx,3:08 I'd rather have a finicky piece of software that holds up well then glorified overpriced bloatware trying to pose as an operating system,0
@ZacPol-z4o,Roamnia menioned!,0
@landend5860,make more videos like this this is peek,0
@POPUPcod,Do anther SURVER but a P2w one and destroy the economy,0
@captcommando4295,Could you share some of the scripts you used?,0
@btlrecordshiddenlines4133,"Why am I, a person with a degree in computersciences, laughing my ass off to this kind of content?  I guess I like windows, Hate mac os and dont mind linux :F",0
@wolfteaofficial,just use f3+t bro,0
@bxnny5861,ragequitting cause of a server issue is so real (i deleted a sharpness 7 sword one time),0
@trappedreality658,where have you been all my life,0
@Foghoo,"1:33 i use one of those to play geometry dash, its pretty damn good",0
@CrypticConsole,pepe lain is cool,0
@flache1086,"Every single time I got to the top of a server economy in any way, admins would find some bullshit to nerf me and make the game as unfun as possible until I left or got banned for complaining. I couldn't. ^^'",0
@Mr_Creeper7899,Can you make a skript for automatet wood chooping in a forest?,0
@awesomedude255,a bit melodramatic at the end,0
@Mestr_Hema,you have a great mind set play factrio,0
@SamLYT,Fire!,0
@gumibear1875,i got my brain fried from the programming explanation üíî you earned a sub,0
@ausy5903,"Do hypixel next hahahaha, that one would be more challenging because of the anti cheat",0
@shzx4760,"Super fun video, wanna dive into python watching this.",0
@gordanramsey3195,ft. terry davis <3,0
@afyandruska,"nu stiam ca esti roman mjur, iti iubesc videourile frate ‚ù§",0
@Redyf,"Linux is the best thing ever for programming, you cannot escape it. Join us linux users",0
@skeithus,"For fishing the wait time to get a drop is lower when the water is exposed (no ceiling, just sky above) and reduced further when its raining",0
@aqvkk,"Bro was not fishing 
he was throwing the fish üò≠",0
@GlatHjerne,"I've watched this video literally 3 times, idk why but it's so addicting. 

I can barely find any other content like this so I guess I'll have to try and do this myself. Thanks for the inspiration, seems quite fun!",0
@debilista,"I abused a plugin, evaded account limit and connection limit per ip, automated 25 accounts and watched youtube as i became like 20% of servers population constantly making money by glitching grown crops with running water, lack of light and a bed placing on claimed land because it was actually this dumb
If you placed bed into a non-water source but still water block in no light areas on someones claim and the further part of the bed did get adjacent to the crops then you would update state of the crops in lack of light and because you messed with order by the plugin needing one extra tick to recognize that these crops should be unbreakable it broke the order and dropped the crops but also restored them, so you had crop items and the crop blocks too, i managed to put 25 accounts on my ancient cpu all of them glitching it constantly and reselling with the server plugin forever 

I let them go on for the night and i woke up to top money, then i laundered it and got gear to dominate the server with my clan and i kept doing it and never got found out for some reason
On that server you could also claim keys every 12 hours of playtime and there was always a message when somebody opens the chest
Imagine the whining when i spammed the entire chat for quite a while opening chests, i had like 5 stacks in total, they could prove me nothing, entire chat whined",0
@felix30471,"why the fuck kali
who uses kali to play minecraft
who uses kali, period

(Ok but seriously, if your experience with Linux so far has been fucking Kali, consider trying out literally anything else??)",0
@mundanesunrise2480,"Rommanian, you have my attention and my subscription",0
@cxowq,W ytber,0
@Dukantic,"If you want Ishare with other people, don't talk about linux like that üî´üî´üî´",0
@Aphlor,Since when you started coding? I wonder because that's a master piece üëåüèª,0
@ethanbuttazzi2602,"ah yes. the art of botting, im relly surprised you didnt get banned, at least you had fun i guess.",0
@teunissenstefan,based terry davis admirer,0
@richard_noblockhit,just found you and you're already sympathetic ngl,0
@NowGameThoughts,best pizza dough from romania,0
@gusdawn123,"question, how would you call mouse inputs in games that do not allow you to call mouse functions except the mouse?",0
@SivaExperiment,Chaotic good. Ruins the economy of a PTW server by wanting to script on a skyblock,0
@Frobbing,"18:53 There's actually a faster way. You need to do these inputs in order while holding shift: Hotkey -> left click -> hotkey -> left click, where hotkey means a hotbar hotkey like 1, 2, 3, etc. or swap with off-hand button. This will move all items of the same type into your inventory, like in the third example, but without leaving a stack on your cursor or even having to move the mouse. Probably no real improvement, but interesting nontheless.",1
@dasBaumxD,u can use wsl2 instead of virtualbox to run linux gui apps under windows. but the minescript thing is the better solution!,0
@chomperbosst836,code bullet but with anime girls,1
@whatwhat-g4l,"That was crazy dude , y'all got a new sub üíï",0
@DogsReal,"16:20
NOOOOOOOO FISH!!",0
@Splarkszter,The fact that you never got kicked for botting or banned is funny,0
@thepuppetqueen57,6:53 I decided to play the server and uh how tf do I do this?? I tried spamming shift next to a wheat block and it didnt grow any faster.,0
@emile7895,"damn bro i have the exact same mouse
let's kiss",0
@emanuelpuscas-cq2lf,"No way , Romanian Here ! P√¢ine cu Pateu, Bucegi.",0
@ashurean,P2W garbage servers like this absolutely deserve to be testbeds for whatever crazy programmers can come up with.,0
@johnnysilverhand9840,"0:56 
A bosniak leaves itself in Romania.

Can the Romanains harvest all its organs before it blows up?",0
@hoody10,"Sorry if it‚Äôs been asked already but are you using gpu pass through for the VM, your CPUs integrated graphics or do you have a second graphics card?",0
@houtarou_oreki,15:43 NGL I had completely forgotten had GradeAUnderA  had to rewatch old videos just to reminisce,0
@HaterExclusively,"This is what coding was made for, automating games so that we don't even have to play anymore",0
@waterisaneurotoxin,2:44 Fake programmer. 0/10. Not even doing assembly.,0
@Artisan_SD,Cool video but massive L on using AI Image generation.,0
@deeznuts1358,Linux is the shit quit lying,0
@bethebestfucktherest,good video my balkanian bro,0
@nowar1620,"12:03 —á—Ç–æ? –ê–º... –õ–∞–¥–Ω–æ.... –ò —è –∑–∞–º–µ—Ç–∏–ª, —á—Ç–æ —ç—Ç–æ –≥–∏–º–Ω –°–°–°–†, –∞ –Ω–µ –†–æ—Å—Å–∏–∏.",0
@ai_update_fan,4:49  69 MINEING AHAHAHAHHAAH,0
@AnnieBot4573,"1:13 subscribed for that sense of humor, GD
another solution for the mouse trick is to keybind the left-click to the number pad, hold down the key, and then turn number lock off. the computer doesn't receive the signal that the key is no longer being pressed. also works for power semi-automation in diablo 3
windows is for normies, linux is for coders (and wannabe coders who hate themselves), and mac is for retards who have too much money
5:40 the redstone for the chicken cooker is too complicated. much easier to do tripwire in a chute with a line of redstone coming off each side with repeaters. set one side to 1 tick delay and the other to 5 ticks delay. this will cook  and kill the chicken, but take the lava away before burning the loot, and because it only activates when something triggers the tripwire, servers won't flag it as a lag machine",0
@dexoron,"12:06
–§–ª–∞–≥ –†–æ—Å—Å–∏–π—Å–∫–æ–π –§–µ–¥–µ—Ä–∞—Ü–∏–∏
–ò –≥–∏–º–Ω –°–æ—é–∑–∞ –°–æ–≤–µ—Ç—Å–∫–∏—Ö –°–æ—Ü–∏–∞–ª–∏—Å—Ç–∏—á–µ—Å–∫–∏—Ö –†–µ—Å–ø—É–±–ª–∏–∫
–ò–Ω—Ç–µ—Ä–µ—Å–Ω–æ –ø–æ–ª—É—á–∞–µ—Ç—Å—è",1
@Aythos,"If the one doing the joke is Romanian, I'm allowed to laugh right?",0
@aniimey,To think that i get ban without scripts üòÇ,0
@Njrocks00,How TF am I supposed to compete with a computer this is some bullshit ngl,2
@wlfstories,"Idk if anyone proposed this, simpler way to craft berries would be to break half a chest while standing on it, you'll get 3/4 of inventory full, replace chest, craft berries into batteries, navigate to next chest, repeat
Add checks for full chest or full inventory etc",0
@weirdearthwarriornub2042,The fish flying of the fucking map since its not needed gave me a good laugh 16:17,1
@creionascutit4,As a Romanian i can confirm crin is a true Romanian,1
@supermonkeyqwerty,can't believe I found someone who plays video games like I do,0
@szowoxo5924,my head hurts,0
@mcloythelars,16:12  this is end game minecraft play folks,0
@ching5070,"I think you don't need a loot collecting system, instead you can place an alt account there, and let it run the battery conversion script. Afterwhich it can throw the battery into an actual loot collecting system",0
@channelforstream6196,This whole video is why Product Research comes before any actual programming,0
@mr.k8660,I wonder what the 1000 dislikes are for,0
@lainaticc,1:06 lain mention,2
@DrLamalama,I probably already triggered most of the linux users by having kali ready to use.,0
@hybriddeath5133,"Didn't flop. A true masterpiece, compared to that guy that made the video called ""Paying on Pay to Win Minecraft Server""",2
@Hitroverx,"For the fishing, you could of probably had a check for the fishing bobber when there's a fish on it. If you enable the setting where you can subtitle sounds, it will display on the bottom left!",0
@javieralreves,"im confident your linux problems have something to do with using kali

I wouldn't know, I'm just a noob in linux, hate coding and refuse to use the console, so I'm like the worst imaginable linux user for hardcore penguin lovers",0
@Deneweeny,W video,0
@Hafƒ±z_Baso,After a video he make sc for Leuge of legends,0
@mxsxr2099,FINE. I'LL LEARN CODING. JUST LEAVE ME ALONE.,0
@TLGaby,"Top, didn't expect to see something so good on my youtube home page. (Spor, la mai multe)",0
@lestradewilson2962,0:56 sauces?,0
@lestradewilson2962,0:16 who's the anime girl in the corner? Where's she from?,0
@fatheronstream,Hello fellow Romanian.,0
@shsidjdnnd,do you play osu bro,0
@blinkanddie3397,I did something similar in RuneScape. Had so much fun programming from 0 knowledge,1
@connorhacker9049,How did you scan the pickaxe durability because the only way I could think of how to do is is finding in in your ram which I don‚Äôt really know how to do,0
@ZombieDilba,"Normal people: let‚Äôs program for a company or our own game! 
This Guy: fuck you and here‚Äôs how to become Walter white in Minecraft! Also, holy shit huge props to you for being a programming beast (i have no idea of programming except miniscule python)",0
@seka64_,i love you,0
@dodebogdan813,Te ai dus departe. üéâ felicitƒÉri,0
@tzorake,pog video,0
@FrankWalker2356,I took psychic damage every time I heard manele. Fuck you and thank you for the Romanian representation.,0
@RandomRomanian.,A Romanian from cluj walks into a skyblock server...,0
@aarav6891,">uses kali linux 
>Hates using linux 
I wonder why",108
@Rumpleforeskin338,Your script is very magical if you catch my drift,0
@Tensor-o7k,How did you not get banned?,0
@jacobisreal9062,brotato has an allergy to research (valid),0
@sanyisasha,"I never understood these number based optimizations. Ok, you may be able to create a wheat farm which sells for a lot. But how much time and effort do it make, while you compare it to what you gain with che ... automation. You can turn it on, go to sleep, and when you wake up you have tons of money. It's does not really worth to have like +20%, for the extra time and risk. Ristk = breaks overnight. 

So tldr: always make a solution which has better effort/gain. Just right clicking to a fruit has much less effort than watering wheat farm and teleporting like a ninja :D",0
@foxyteb,"I was definitely not baited for a comment, when you noticed that windows better than linux

Its just personal choices",0
@asaultikk,OMFG ICANT BLEIVE THIS CANCER APTINETT IS USING LINUX THAT IS NOT HOW YOU USE IT YOU ARE NOT A REALQ HEACKER YOU DO NOT BELONG IN CYBERSECURITY YOU DONT NKOW LIKE MAN THIS IS THE HIGHEST SKILL ISUSE OF THE HIGHEST CALIBER THAT IVE EVER SENE,0
@E1ev1n,"Actually hopped onto that server and am working on doing the same thing to help me learn python, curious though did ya get banned?",1
@Joonska,11:12 phoon,0
@user-pi8pd9wc5y,Your code looks fine. It's self-documenting (you'll personally understand it 2 days later) and it's just a simple script. Whatever saves the most time in total (including figuring out the code later) is what is most efficient. No point in spending 8 hours on code that can be done in 4 and later just take 1 hour to figure out the code vs 30 minutes. You're fun.,1
@Aneugene,"Bro tried to play Skybock but actually forgot it's not Factorio...

Great vid btw, so cool!",0
@bitchasshacker,As a romanian you earned urself a new sub,0
@Komentujebomoge32,Clippy would never insult GNU+Linux.,0
@lespaular,"I had this video in my watch later ever since u dropped this, I finally get myself to watch the video and I‚Äôm flashed by league of legends.
I‚Äôm not even going to roast you, I‚Äôm just going to press the ‚Äúdon‚Äôt recommend channel‚Äù button.

Okay maybe I will roast you
League of legends is like smoking/vaping. They are called cancer sticks for a reason. Stop playing League Of Legends because it‚Äôs cancer. If you don‚Äôt stop soon, I wish you a very pleasant stage 4 cancer diagnosis üê∞ü´∏ü´∑",0
@GloriousVanity,"One could even say you're py to win. Also, this is one hell of a way to motivate myself to learn some Python again.",0
@CookiuTokito-i8o,"bro........... TOUCH GRASS GODDAM IT
even tho this its üî• u culd chill a bit yk",0
@vlynst,hi akko,0
@TG_Lethal,the mouse you showed in that clip is the exact same as mine i seen 0 difference,0
@ad.i,"I love xUbuntu and am properly triggered ;-;



also really cool video!",0
@Seraph_1_A,"I use Linux and I don't even see what's wrong with your Python environment. In fact the vid didn't even trigger me if anything the Description did since you've basically generalized all Linux users into the ""Annoying mob that can't shut up about it"" category. That's like saying all Mercedes Benz drivers are stuck up snob just because they drive it, including the truck drivers and bus drivers.

Disliking an Operating system is understandable, disliking people just because they use it is dumb, Windows runs like shit on my computer, I don't like the direction they're going, do I hate Windows User? Hell no, my dad uses Windows I love him, my close friend Uses MacOS he's great, I don't judge people from their choice of OS, they could be running a Commodore 64 for all I care if they're great people, they're great people.",0
@Thatonerandomgamer-jg1dl,Duping? nah we script.,0
@hedgehog3180,I thought this would be for single player.,0
@kiwimouse-l9w,for some reasson i just really liked the random little pizza making break,0
@ApartTour,why the hell would you use Kali Linux??? just go with something like Debian or fedora if you need a normal VM not for hacking/pentesting/whatever,1
@IsabelaHopfer,The beauty of informatics. :D <3,0
@vlad-andreilazar7967,"2:36, I know what kind of person you are(kali linux)",0
@antonytoaquiza187,11:35 Lmao I have almost that same amount in my paypal account,0
@iipecacuanha,starting with league of legends footage is crazy work i can't watch this,0
@Nathan55411,"Okay like, if you don't like Linux, that's fine, but why on Earth would you use Kali Linux as a benchmark for your Linux experience? Like of course it's not gonna be a good experience, it's designed for security research",0
@arturteodoro6826,This is insane,0
@nerdimportados,"Bro just use Imacro, it can do everything in minecraft, with just simple langague lol",0
@djbrine7414,Want more vids like this I subbed hopefully u really do plan on making more of this type of vids.,0
@Whizz_1,idk why but the frank sinatra reference at 2:59 got me laughing for a solid 3 minutesüò≠,0
@ecstaticcoffee2204,It did not flop.,0
@Dx_Ach,can you use RDP to use a remote desktop as a simulated VM? so you dont have to worry about linux and all that. I know its a popular solution when it comes to roblox macroing in the background,0
@thecriticizedgamer8508,You are stupid. This is the most moronic way to do this ever! Jesus christ.,1
@grezamisoit,Hey! Why to make so many pizza at the same time ?,1
@hasanthesyrian_,4:48 how did you get syrian bread,0
@MikAIsWashed4108,"drop the osu profile gang
(also does this still works in that skyblock server?)",0
@Foxy._.2004-3,salut !,0
@gabrielesilinic,"why the hell are you using kali as a normal OS? it is specifically for pentesting. then that is why it does not work. use ubuntu or debian like normal people. no really. please.

DO NOT USE KALI",1
@Klopy123,"first time watching your videos and i already subbed, its amazing ily videos. amazing!!! (dont worry I aint a bot) but seriously tho, love your videos",0
@xxmsdxx,You could do it using network sockets would take only few MB in ram and it will give u control over everything and be much faster,1
@tƒ±rtƒ±lgaming,baritone on crack,0
@Jadore_infinte,"alternate title: ""romanian vs skyblock""",0
@lupi_u_,4:24 ts vexxes me,0
@EagleTheGreat,romanian weeb ruins minecraft servers economy with scripts and documents it,0
@roccowuzhurr,oh my god thats the server i played on when i was like 9 holy shit,0
@Waffles4011,"subbed after 3 minutes, great video already",0
@minki461,12:03 ngl hearing the USSR anthem and seeing the flag of my country caught me completely off guard,4
@RederaxMC,This is why im never letting romanians join my servers,0
@Theoo504,"Esti primul roman care face asta, felicitari frate, te respect si sa stii ca imi place super tare videoul!",0
@violettmeoww,bocchi AND yuuri mention this is peak,0
@r3z3r-a,misto videoclipu ,0
@parrot_69deeznuts75,Yo i have a question how do you this stuff like externally scripting and creating all these external mods and stuff.Can someone pls explain or point at some reddit post or anything.,0
@TheObjectiveLens,Hypixel skyblock,0
@PurpleKnightANIM,Wait what‚Äôs the deal with Romania and taking land?(this is only partially a joke),0
@xylitolxtu,woah my SayoDevice O3C QwQ 3-key rapid trigger keypad for osu! finally has another use!!!,0
@sisterfister7891,_2:45__ TERRY NOOOO_,1
@Sun-yo4vl,Why is this man a girl in the game?,0
@libtart66,"Great video, Keep it up!",0
@Martan2010,"i do have a sayodevice O3C
yea i use it for geometry dash",0
@EpicNori,Best youtuber.,0
@crygd4225,wait im also romanian wtf,0
@bilelsicario,"the 3x farm part was so funny for no reason, multi tasking God right there",0
@danielchg3533,Then I remembered I'm Romanian got me üòÇ te pup,1
@productiveindian1730,"you can use one slot only for shift double clicking items. grab a stack, right click to drop one item back, then shift double click. if the original slot only has one, this cant work",0
@NeoJae,1:34 man i wonder what rhythm platformer game has people use this device,0
@HiHaveANiceDay000,16:21 that fish did not go where it was intended jeez,0
@alpha3511,"As a korean, The most jealous thing about this video was that the Romanians could eat four pizzas that looked so delicious even if they only had 8.39 euros in their account",6
@KreasTheCat,Just wait until he learns about baritone,0
@awhh_al3x401,"""omfg ican bleive this cancer aptinett is using lnux wrtong that is not how you use it you are not realq heacker you do not belong in cyber security you dont nkow like man this highest kill isuse of the highest caliber that ive e"" 3:48",0
@vr2be,1:35 just hold left click and then ctrl + T dumbassüò≠ü•Äüï≥,1
@solnijko,"5:12
certified romanian moment",0
@Tedd_td,bravo te sustin,0
@khprox1167,tiny task exists btwüíîüíî (great work tho),0
@yaremer,Based linux treatment,0
@Rez√°kkk09,"There's script kiddies, who download free no virus (trust) hacks off of the internet, and then there's this.

This really reminds me of conmen, I've always had a fascination with hearing about (or in this case witnessing) a person going to such great lengths to cheat something, that they put more effort in than if they were to actually do it legitimately. I respect it, it's fun to watch.

Also I think your accent is really cute :).",0
@RedGamer15023,Nu credeam in viata mea ca esti roman,0
@THAT_VR_GUY69,"no clue what the Romanian things about, seems like normal things most players do, loot.",0
@kiwii24,"really liked the video minus the ai image gen part, will be binging your other stuff regardless üôè",1
@meatrack,romania's cyber warfare squad seems to be working hard.,0
@RobStuff420,This inspired me to do my own version but with a VM because me no lazy üòÇ,0
@Jakiller999,Best video i ever seen,0
@Koamoments,sometimes people REALLY forget how powerful of a tool scripting is when you know how to bend your computer on its knees with python,1
@pwnagotchy,6:44  rip,0
@Mortis3600,at 4:26 my PC crashed,0
@trinity000,Who took bros cough medicine,0
@davidis_1,Awesome video! It makes me proud to see a fellow Romanian doing such great work. üëè,0
@osmosisghost,"GradeAUnderA reference, nice",0
@dunis7489,I just want to state that we don't actually eat tortilia pizza in Romania and this guy is just a rogue lunatic,0
@absurdist_chito,is that a glt profile picture???,0
@i_like_chicken556,how is your channel name pronounced,0
@Ardrinsarelwqu,"3:15 Relatable, recently tried to make a simple vanilla mc cobblestone+spider farm macro (spiders for mending) using AHK but couldn't figure out how to stop the player from spinning & looking down 
Wasted about an hour before giving up and making the player walk sideways between the generator and mob farm, not touching the mouse at all 

Anyways, I enjoyed the vid and dry humour. Keep cooking!",0
@jojough8283,"16:17 Meanwhile, fish goes WEEE!",0
@ChrisDaGamer,"3:02 as a linux user, this is the linux experince



at least you get to try to fix it without microsoft getting in your face",0
@Roxaro,"ehm as a arch linux (hyprland) user, for me linux is for those who want to suffer for learning purposes. Windows invisible, linux? ohh boy you're reminded of its presence everyday.",0
@Typocat,this video got me into Python as a Lua user!,0
@end_slayer,9:40 You can make it black instead <3,0
@end_slayer,"1:40, we have the same (peak) mouse",0
@SillyPokie,what is bro doing with kali linux...,1
@Hubbayes,Romania belongs to the Moldovan empire!,0
@FishyEditor40,Did bro just create a script to get 4k a month without doing anything?...,0
@EthanEiholzer,This is so cool!(You have mental issues),1
@Under_cup,Fire video but how did you not get banned,0
@T3nth-TH,i also made a script for a skyblock 1.5 years ago where it auto buys and auto crafts and auto sal;vages and sell all the things i get from salvage,0
@Deadpool25K78,Too many anime girls popped up.,0
@noahoglesby5325,Ko reaction image jumpscare.,0
@Partyboy200,"9*6=54
9*6!=53",0
@SnackScale,I don't think this flopped guys,0
@SKYPORF,please don't use generative ai in the future.,1
@evrenisprettyuniversal,What I learnt today is us Turkish people got a lot in common with them Romanians,0
@sommerheiler7559,bruh we have the same mouse,0
@Will94643,I have a sayo device but i use it to play gd,0
@Estebanquitho4,POV: Hypixel Skyblock Minion,0
@HICKRY02,Python user != linux user => dumb as fuck // dont like the gourgeus linux system and like the most wierd language known to mankind,0
@zsomborgyenge4359,"> intentionally fuck up the environment
> surprised it didn't work",0
@leoa5158,"""Py to win""",1
@Jeskai,"because of this vid, i think i will rewatch new game",0
@thetechbat_tgb,yep im trying this,0
@BahnBoo,Is this considered hacking or just macro?,0
@Champipotame,"9:40 ""whoever thought this red screen was a good idea needs to get canc-"" yep, you're definitely a league of legends player :D",0
@LazinessReincarnated,0:55 that's enough for me. Subscribed üî•,0
@hirbu,ROMANIA MENTIONED RAAAAH ü¶áüßõ,0
@Unkharold,"i loved the terry davis reference, he should be more recognize. rest in peace",0
@skilledsqueaks6746,"As someone whose only dabbled in coding, im am truly inspired by your works here man, your sense of humour is also amazing you earned my sub in only 10 minutes chief. You're hilarious and inspiring me to start coding like you do, idk if thats a blessing though. Much love!",0
@ViaDolaroza,You can try add baritone for make some task's easier,0
@gfdcxvz,I think they deleted this shift cropping cause of this video :P,0
@ptysiuj,2:37 As an arch user I'm quite offendedüòñ,6
@cOKEsTAR19,"F u dude. lmfao ""im romanian so i took every block""",0
@emicek2011,I have the same mouse as you,0
@Jim-Pfeffer,I really liked this video :),0
@voidbinorg,"""Using Semen as Thermal Paste"" (PS. I watched the full video like 10 times)",0
@Jim-Pfeffer,static loading üòÇ,0
@supernenechi,I can't not click after seeing Akko from Little Witch Academia in the thumbnail,0
@Stwfan13,Trebuia sa furi si codul,0
@obamna225,"Saw the anime pfp, anime thumbnail, channel name and the abbreviation of ""though"" to ""tho"" in the description and immediately knew this was authentic",0
@hvhrFr,pula pula da da thats all the romanian i know i hope you enjoyed reading my comment pizda,0
@Asmonix,+400 XD,0
@itzmeloki470,best part in the video was at 16:52,5
@Silver_4sh,"A programmer not sucking Linux's dick? Damn dude, based. +Sub",1
@Kevvyn-,newest comment,0
@abud4748,akko thumbnail,0
@zneapyro09,"a pai asta e roman da meu, sub frate succes in continuare cu video urile :)",0
@emmaplayz20,instant sub at girls last tour..,0
@clove-n8o,bro we need more of this.,0
@nicholaspalceski1235,"As a current undergraduate in SE, I found this video very entertaining. Please make a video on how you start these kinds of things, especially for online use, thanks.",1
